filename,label_file,status
250410_144403911987.jpg,,REVIEW
250410_144449962356.jpg,250410_144449962356.txt,EDITED
250410_144834943618.jpg,,REVIEW
250410_145037640704.jpg,,REVIEW
250410_145316482671.jpg,250410_145316482671.txt,EDITED
250410_145522054916.jpg,,REVIEW
250410_145804344533.jpg,,REVIEW
250410_150040264734.jpg,,REVIEW
250410_150133469509.jpg,,REVIEW
250410_150216388445.jpg,,REVIEW
250410_150306918269.jpg,,REVIEW
250410_150346868183.jpg,,REVIEW
250410_150427011255.jpg,,REVIEW
250410_150516419769.jpg,,REVIEW
250410_150559581998.jpg,,REVIEW
250410_150635306503.jpg,,REVIEW
250410_150808416709.jpg,,REVIEW
250410_150848922166.jpg,,REVIEW
250410_150949043386.jpg,,REVIEW
250410_151029696229.jpg,,REVIEW
250410_151139983231.jpg,,REVIEW
250410_151231944374.jpg,,REVIEW
250410_151304603268.jpg,,REVIEW
250410_151341801257.jpg,,REVIEW
250410_151431800368.jpg,,REVIEW
250410_151504600233.jpg,,REVIEW
250410_151546165963.jpg,,REVIEW
250410_151631868173.jpg,,REVIEW
250410_151713908283.jpg,,REVIEW
250410_151754102631.jpg,,REVIEW
250410_151920880325.jpg,250410_151920880325.txt,EDITED
250410_152120483994.jpg,,REVIEW
250410_152232188708.jpg,,REVIEW
250410_152308081822.jpg,,REVIEW
250410_152339920357.jpg,,REVIEW
250410_152413150828.jpg,,REVIEW
250410_152606438450.jpg,,REVIEW
250410_152647794740.jpg,,REVIEW
250410_152727057876.jpg,,REVIEW
250410_152802371370.jpg,,REVIEW
250410_155009160971.jpg,,REVIEW
250410_155526034625.jpg,,REVIEW
250410_155601084144.jpg,,REVIEW
250410_155641957140.jpg,,REVIEW
250410_155826598654.jpg,,REVIEW
250410_155901509386.jpg,,REVIEW
250410_160021775802.jpg,,REVIEW
250410_160112679219.jpg,,REVIEW
250410_165645848530.jpg,,REVIEW
250410_165759582289.jpg,,REVIEW
250410_165840226763.jpg,,REVIEW
250410_165918398621.jpg,,REVIEW
250410_170124048539.jpg,,REVIEW
250410_170204849002.jpg,,REVIEW
250410_170257620893.jpg,,REVIEW
250410_170345204621.jpg,,REVIEW
250410_170436151500.jpg,,REVIEW
250410_170523246924.jpg,,REVIEW
250410_170605462218.jpg,,REVIEW
250410_170658904840.jpg,,REVIEW
250410_171043114194.jpg,,REVIEW
250410_171242763678.jpg,,REVIEW
250410_171329931220.jpg,,REVIEW
250410_171618401098.jpg,,REVIEW
250410_171711703137.jpg,,REVIEW
250410_171954431319.jpg,250410_171954431319.txt,EDITED
250410_172041141763.jpg,,REVIEW
250410_172124374052.jpg,,REVIEW
250410_172202967252.jpg,,REVIEW
250410_172249187179.jpg,,REVIEW
250410_172509481867.jpg,,REVIEW
250410_172553110670.jpg,,REVIEW
250410_172731889723.jpg,,REVIEW
250410_172921255820.jpg,,REVIEW
250410_173012631688.jpg,,REVIEW
250410_173104200591.jpg,,REVIEW
250410_173307709999.jpg,,REVIEW
250410_173355965733.jpg,250410_173355965733.txt,EDITED
250410_173453546970.jpg,,REVIEW
250410_173647327410.jpg,,REVIEW
250410_174241672560.jpg,,REVIEW
250410_174322665070.jpg,,REVIEW
250410_174414309990.jpg,,REVIEW
250410_174507760057.jpg,,REVIEW
250410_174607125731.jpg,,REVIEW
250410_174656591360.jpg,,REVIEW
250410_174748966576.jpg,,REVIEW
250410_174844662623.jpg,,REVIEW
250410_175036549862.jpg,,REVIEW
250410_175222116316.jpg,,REVIEW
250410_175401330493.jpg,,REVIEW
250410_175444219123.jpg,,REVIEW
250410_175705326258.jpg,,REVIEW
250410_175800961256.jpg,,REVIEW
250410_175933697183.jpg,,REVIEW
250410_180203619316.jpg,,REVIEW
250410_180417359391.jpg,,REVIEW
250410_180500624542.jpg,,REVIEW
250410_180642000478.jpg,,REVIEW
250410_180721146468.jpg,,REVIEW
250410_180800068444.jpg,,REVIEW
250410_180838247546.jpg,,REVIEW
250410_180910324799.jpg,,REVIEW
250410_181045535509.jpg,,REVIEW
250410_181140480178.jpg,,REVIEW
250410_181223026123.jpg,,REVIEW
250410_181352268335.jpg,,REVIEW
250410_181650625647.jpg,,REVIEW
250410_181811462137.jpg,,REVIEW
250410_182251586507.jpg,,REVIEW
250410_182340189473.jpg,,REVIEW
250410_182427975624.jpg,,REVIEW
250410_182623838600.jpg,,REVIEW
250410_182706284064.jpg,,REVIEW
250410_182749738751.jpg,,REVIEW
250411_092511506342.jpg,,REVIEW
250411_092851295826.jpg,,REVIEW
250411_092955630580.jpg,,REVIEW
250411_093403074817.jpg,,REVIEW
250411_093439164001.jpg,,REVIEW
250411_093616913584.jpg,,REVIEW
250411_093700427956.jpg,,REVIEW
250411_093822949037.jpg,,REVIEW
250411_093901909722.jpg,,REVIEW
250411_093947029472.jpg,,REVIEW
250411_094027390387.jpg,,REVIEW
250411_094117478009.jpg,,REVIEW
250411_094214912155.jpg,,REVIEW
250411_094354631616.jpg,,REVIEW
250411_094447587115.jpg,,REVIEW
250411_094548003041.jpg,,REVIEW
250411_095020396284.jpg,,REVIEW
250411_095114999624.jpg,,REVIEW
250411_095211804856.jpg,,REVIEW
250411_095307375377.jpg,,REVIEW
250411_095447313719.jpg,,REVIEW
250411_095542189491.jpg,,REVIEW
250411_095626998091.jpg,,REVIEW
250411_095715404683.jpg,,REVIEW
250411_095802178687.jpg,,REVIEW
250411_095845387065.jpg,,REVIEW
250411_100024779062.jpg,,REVIEW
250411_100114230398.jpg,,REVIEW
250411_100243218238.jpg,,REVIEW
250411_100327766278.jpg,,REVIEW
250411_100413893857.jpg,,REVIEW
250411_100456783421.jpg,,REVIEW
250411_100540938085.jpg,,REVIEW
250411_100623192554.jpg,,REVIEW
250411_100709985238.jpg,,REVIEW
250411_100751575116.jpg,,REVIEW
250411_100841614300.jpg,,REVIEW
250411_104332904696.jpg,,REVIEW
250411_104451670998.jpg,,REVIEW
250411_104529041399.jpg,,REVIEW
250411_104605859828.jpg,,REVIEW
250411_104639578731.jpg,,REVIEW
250411_104754825896.jpg,,REVIEW
250411_104839535885.jpg,,REVIEW
250411_104919108350.jpg,,REVIEW
250411_105029820007.jpg,,REVIEW
250411_105105168397.jpg,,REVIEW
250411_105141558000.jpg,,REVIEW
250411_105218591549.jpg,,REVIEW
250411_105254272584.jpg,,REVIEW
250411_105330424099.jpg,,REVIEW
250411_105411000658.jpg,,REVIEW
250411_105453593325.jpg,,REVIEW
250411_105617386414.jpg,,REVIEW
250411_105659553370.jpg,,REVIEW
250411_105736419426.jpg,,REVIEW
250411_105818677104.jpg,,REVIEW
250411_105859449687.jpg,,REVIEW
250411_105944783561.jpg,,REVIEW
250411_110128241504.jpg,,REVIEW
250411_110216046156.jpg,,REVIEW
250411_110315830870.jpg,,REVIEW
250411_110403647899.jpg,,REVIEW
250411_110445062074.jpg,,REVIEW
250411_110528408973.jpg,,REVIEW
250411_110621247330.jpg,,REVIEW
250411_110708889349.jpg,,REVIEW
250411_110752793773.jpg,,REVIEW
250411_110912420662.jpg,,REVIEW
250411_111048457647.jpg,,REVIEW
250411_111224174351.jpg,,REVIEW
250411_111358192719.jpg,,REVIEW
250411_111523441250.jpg,,REVIEW
250411_111607753620.jpg,,REVIEW
250411_111804424043.jpg,,REVIEW
250411_111841310699.jpg,,REVIEW
250411_111931684327.jpg,,REVIEW
250411_112016533939.jpg,,REVIEW
250411_112108693050.jpg,,REVIEW
250411_112539453476.jpg,,REVIEW
250411_112619535807.jpg,,REVIEW
250411_112949853261.jpg,,REVIEW
250411_113033634859.jpg,,REVIEW
250411_113112105032.jpg,,REVIEW
250411_113153017884.jpg,,REVIEW
250411_113241070555.jpg,,REVIEW
250411_113335977212.jpg,,REVIEW
250411_113422187938.jpg,,REVIEW
250411_113548636483.jpg,,REVIEW
250411_113626826177.jpg,,REVIEW
250411_113710947633.jpg,,REVIEW
250411_113808387570.jpg,,REVIEW
250411_113959391025.jpg,,REVIEW
250411_114051394051.jpg,,REVIEW
250411_114148498012.jpg,,REVIEW
250411_114252525628.jpg,,REVIEW
250411_114345771169.jpg,,REVIEW
250411_114451800273.jpg,,REVIEW
250411_114554364192.jpg,,REVIEW
250411_133000176335.jpg,,REVIEW
250411_133144794149.jpg,,REVIEW
250411_133236119624.jpg,,REVIEW
250411_133329581087.jpg,,REVIEW
250411_133415890554.jpg,,REVIEW
250411_133502277094.jpg,,REVIEW
250411_133550188212.jpg,,REVIEW
250411_133634777214.jpg,,REVIEW
250411_133724174349.jpg,,REVIEW
250411_133957480847.jpg,,REVIEW
250411_134059250467.jpg,,REVIEW
250411_134246962589.jpg,,REVIEW
250411_134422867708.jpg,,REVIEW
250411_134515221630.jpg,,REVIEW
250411_134605181933.jpg,,REVIEW
250411_134654281384.jpg,,REVIEW
250411_134741200055.jpg,,REVIEW
250411_134833730976.jpg,,REVIEW
250411_135120060204.jpg,,REVIEW
250411_135211530132.jpg,,REVIEW
250411_135253570383.jpg,,REVIEW
250411_135341531808.jpg,,REVIEW
250411_140005265446.jpg,,REVIEW
250411_140059718969.jpg,,REVIEW
250411_140154662081.jpg,,REVIEW
250411_140314154941.jpg,,REVIEW
250411_140452731605.jpg,,REVIEW
250411_140553670865.jpg,,REVIEW
250411_140647006979.jpg,,REVIEW
250411_140734845588.jpg,,REVIEW
250411_140826997754.jpg,,REVIEW
250411_140908232349.jpg,,REVIEW
250411_140956814957.jpg,,REVIEW
250411_141042153876.jpg,,REVIEW
250411_141717372582.jpg,,REVIEW
250411_141809689183.jpg,,REVIEW
250411_141859877677.jpg,,REVIEW
250411_141947463304.jpg,,REVIEW
250411_142033408182.jpg,,REVIEW
250411_142123259727.jpg,,REVIEW
250411_142216814830.jpg,,REVIEW
250411_142304725518.jpg,,REVIEW
250411_142354319596.jpg,,REVIEW
250411_151707909443.jpg,,REVIEW
250411_151803199511.jpg,,REVIEW
250411_151903234059.jpg,,REVIEW
250411_152011813992.jpg,,REVIEW
250411_152117347333.jpg,,REVIEW
250411_152216764651.jpg,,REVIEW
250411_152317457996.jpg,,REVIEW
250411_152410462673.jpg,,REVIEW
250411_152459280077.jpg,,REVIEW
250411_152549760336.jpg,,REVIEW
250411_152640864385.jpg,,REVIEW
250411_152729639809.jpg,,REVIEW
250411_152918560135.jpg,,REVIEW
250411_153008984132.jpg,,REVIEW
250411_153105900410.jpg,,REVIEW
250411_153202843304.jpg,,REVIEW
250411_153351252246.jpg,,REVIEW
250411_153708642128.jpg,,REVIEW
250411_153808979651.jpg,,REVIEW
250411_153940519769.jpg,,REVIEW
250411_154031477357.jpg,,REVIEW
250411_154123030062.jpg,,REVIEW
250411_154545289934.jpg,,REVIEW
250411_154632400103.jpg,,REVIEW
250411_154812203890.jpg,,REVIEW
250411_154949761626.jpg,,REVIEW
250411_155040808617.jpg,,REVIEW
250411_155128186558.jpg,,REVIEW
250411_155257817932.jpg,,REVIEW
250411_155343382262.jpg,,REVIEW
250411_155428154120.jpg,,REVIEW
250411_155518151067.jpg,250411_155518151067.txt,EDITED
250411_155607936718.jpg,250411_155607936718.txt,EDITED
250411_155701963331.jpg,,REVIEW
250411_155751552207.jpg,,REVIEW
250411_155836164875.jpg,,REVIEW
250411_155922338003.jpg,,REVIEW
250411_160015579183.jpg,,REVIEW
250411_160102367806.jpg,,REVIEW
250411_160154461519.jpg,,REVIEW
250411_160242359691.jpg,,REVIEW
250411_160457010505.jpg,,REVIEW
250411_160552248555.jpg,,REVIEW
250411_160638581161.jpg,,REVIEW
250411_160736641056.jpg,,REVIEW
250411_160944442902.jpg,,REVIEW
250411_161041048519.jpg,,REVIEW
250411_161335497942.jpg,,REVIEW
250411_161459121635.jpg,,REVIEW
250411_161601751564.jpg,,REVIEW
250411_161718524589.jpg,,REVIEW
250411_161815507507.jpg,,REVIEW
250411_161918392744.jpg,,REVIEW
250411_162212242373.jpg,,REVIEW
250411_162312139510.jpg,,REVIEW
250411_162447162532.jpg,,REVIEW
250411_162756223396.jpg,,REVIEW
250411_162929801419.jpg,,REVIEW
250411_163007238647.jpg,,REVIEW
250411_163054857361.jpg,,REVIEW
250411_163141810871.jpg,,REVIEW
250424_105909724238.jpg,,REVIEW
250424_110118712995.jpg,,REVIEW
250424_110200584818.jpg,,REVIEW
250424_110233789711.jpg,,REVIEW
250424_110456428256.jpg,,REVIEW
250424_110523358494.jpg,,REVIEW
250424_110555963740.jpg,,REVIEW
250424_110621146818.jpg,,REVIEW
250424_110645745568.jpg,,REVIEW
250424_110716273731.jpg,,REVIEW
250424_110748018790.jpg,,REVIEW
250424_110825373075.jpg,,REVIEW
250424_110907410038.jpg,,REVIEW
250424_110954320748.jpg,,REVIEW
250424_111020116028.jpg,,REVIEW
250424_111201206403.jpg,,REVIEW
250424_111226617441.jpg,,REVIEW
250424_111302561521.jpg,,REVIEW
250424_111415135407.jpg,,REVIEW
250424_111454886462.jpg,,REVIEW
250424_111525566429.jpg,,REVIEW
250424_111555047880.jpg,,REVIEW
250424_111632364928.jpg,,REVIEW
250424_111713850672.jpg,,REVIEW
250424_111810266612.jpg,,REVIEW
250424_111900294585.jpg,,REVIEW
250424_111931005322.jpg,,REVIEW
250424_112004831679.jpg,,REVIEW
250424_112034421928.jpg,,REVIEW
250424_112106131252.jpg,,REVIEW
250424_112139655659.jpg,,REVIEW
250424_112224118014.jpg,,REVIEW
250424_112343085390.jpg,,REVIEW
250424_112408452967.jpg,,REVIEW
250424_112445358653.jpg,,REVIEW
250424_112626180721.jpg,,REVIEW
250424_112818764337.jpg,,REVIEW
250424_112841184247.jpg,,REVIEW
250424_112924042782.jpg,,REVIEW
250424_114506760277.jpg,,REVIEW
250424_114610718081.jpg,,REVIEW
250424_114647549614.jpg,,REVIEW
250424_114709957499.jpg,,REVIEW
250424_114731998378.jpg,,REVIEW
250424_114834243086.jpg,,REVIEW
250424_114911512397.jpg,,REVIEW
250424_114929077449.jpg,,REVIEW
250424_114951512715.jpg,,REVIEW
250424_115021023301.jpg,,REVIEW
250424_115042694119.jpg,,REVIEW
250424_115104493302.jpg,,REVIEW
250424_115126242024.jpg,,REVIEW
250424_115154083033.jpg,,REVIEW
250424_115215894054.jpg,,REVIEW
250424_115252382931.jpg,,REVIEW
250424_115322964196.jpg,,REVIEW
250424_115344852900.jpg,,REVIEW
250424_115411440722.jpg,,REVIEW
250424_115429203755.jpg,,REVIEW
250424_115451303584.jpg,,REVIEW
250424_131214458981.jpg,,REVIEW
250424_131237407672.jpg,,REVIEW
250424_131333355993.jpg,,REVIEW
250424_131408934842.jpg,,REVIEW
250424_131628719461.jpg,,REVIEW
250424_131652631597.jpg,,REVIEW
250424_131717240598.jpg,,REVIEW
250424_131814741865.jpg,,REVIEW
250424_131847882251.jpg,,REVIEW
250424_131927234268.jpg,,REVIEW
250424_132230751822.jpg,,REVIEW
250424_132300685668.jpg,,REVIEW
250424_132322938300.jpg,,REVIEW
250424_132349669195.jpg,,REVIEW
250424_132551814312.jpg,,REVIEW
250424_132624325595.jpg,,REVIEW
250424_132651301309.jpg,,REVIEW
250424_132732143495.jpg,,REVIEW
250424_132758494169.jpg,,REVIEW
250424_133043450183.jpg,,REVIEW
250424_133117662886.jpg,,REVIEW
250424_133202379766.jpg,,REVIEW
250424_133236037318.jpg,,REVIEW
250424_133306190678.jpg,,REVIEW
250424_133336623350.jpg,,REVIEW
250424_133357022002.jpg,,REVIEW
250424_133529972703.jpg,,REVIEW
250424_133629807292.jpg,,REVIEW
250424_133656915044.jpg,,REVIEW
250424_133722168136.jpg,,REVIEW
250424_133746717037.jpg,,REVIEW
250424_133848190733.jpg,,REVIEW
250424_133917633597.jpg,,REVIEW
250424_133952219104.jpg,,REVIEW
250424_134022709122.jpg,,REVIEW
250424_134045604000.jpg,,REVIEW
250424_134108731645.jpg,,REVIEW
250424_134126674217.jpg,,REVIEW
250424_134151883902.jpg,,REVIEW
250424_134225907817.jpg,,REVIEW
250424_134312393649.jpg,,REVIEW
250424_134338803481.jpg,,REVIEW
250424_134406959434.jpg,,REVIEW
250424_134458172998.jpg,,REVIEW
250424_134638430765.jpg,,REVIEW
250424_134742403318.jpg,,REVIEW
250424_134810265899.jpg,,REVIEW
250424_135259190207.jpg,,REVIEW
250424_135403978558.jpg,,REVIEW
250424_135501509505.jpg,,REVIEW
250424_135531230106.jpg,,REVIEW
250424_135619213899.jpg,,REVIEW
250424_135655980687.jpg,,REVIEW
250424_135732439823.jpg,,REVIEW
250424_135756404426.jpg,,REVIEW
250424_135855115910.jpg,,REVIEW
250424_135944045455.jpg,,REVIEW
250424_140037360411.jpg,,REVIEW
250424_140115786154.jpg,,REVIEW
250424_140721608012.jpg,,REVIEW
250424_140751922758.jpg,,REVIEW
250424_140827554248.jpg,,REVIEW
250424_141205147850.jpg,,REVIEW
250424_141236657334.jpg,,REVIEW
250424_141311988574.jpg,,REVIEW
250424_141347737368.jpg,,REVIEW
250424_141414962071.jpg,,REVIEW
250424_141451512347.jpg,,REVIEW
250424_141518822839.jpg,,REVIEW
250424_141556763818.jpg,,REVIEW
250424_141625234055.jpg,,REVIEW
250424_141652963394.jpg,,REVIEW
250424_141749469834.jpg,,REVIEW
250424_141831775241.jpg,,REVIEW
250424_141936963734.jpg,,REVIEW
250424_142024804916.jpg,,REVIEW
250424_142046745378.jpg,,REVIEW
250424_142109515979.jpg,,REVIEW
250424_142134495262.jpg,,REVIEW
250424_142211379999.jpg,,REVIEW
250424_142245033292.jpg,,REVIEW
250424_142310994229.jpg,,REVIEW
250424_142338011529.jpg,,REVIEW
250424_142408511885.jpg,,REVIEW
250424_142451194734.jpg,,REVIEW
250424_142525298132.jpg,,REVIEW
250424_142552771765.jpg,,REVIEW
250424_142625989941.jpg,,REVIEW
250424_142652562190.jpg,,REVIEW
250424_142728989367.jpg,,REVIEW
250424_142806480763.jpg,,REVIEW
250424_142834656188.jpg,,REVIEW
250424_142911137938.jpg,,REVIEW
250424_142938362989.jpg,,REVIEW
250424_143017228317.jpg,,REVIEW
250424_143044127420.jpg,,REVIEW
250424_143107609014.jpg,,REVIEW
250424_143141044687.jpg,,REVIEW
250424_143219410463.jpg,,REVIEW
250424_143340574867.jpg,,REVIEW
250424_143423334547.jpg,,REVIEW
250424_143523864568.jpg,,REVIEW
250424_150320374794.jpg,,REVIEW
250424_150530068599.jpg,,REVIEW
250424_150601578171.jpg,,REVIEW
250424_150626550405.jpg,,REVIEW
250424_150726922844.jpg,,REVIEW
250424_150751737200.jpg,,REVIEW
250424_150908898857.jpg,,REVIEW
250424_150932563138.jpg,,REVIEW
250424_151045537032.jpg,,REVIEW
250424_151110625683.jpg,,REVIEW
250424_151144785207.jpg,,REVIEW
250424_151209385709.jpg,,REVIEW
250424_151249899389.jpg,,REVIEW
250424_151328835745.jpg,,REVIEW
250424_151431421246.jpg,,REVIEW
250424_151459859261.jpg,,REVIEW
250424_151612445088.jpg,,REVIEW
250424_151649731424.jpg,,REVIEW
250424_151740506562.jpg,,REVIEW
250424_152218486902.jpg,,REVIEW
